{"cameraMode":{"drawMode":0,"name":"Shaded","section":"Shading Mode"},"sceneLighting":true,"audioPlay":false,"sceneViewState":{"showFog":false,"showMaterialUpdate":false,"showSkybox":false,"showFlares":false,"showImageEffects":false,"showParticleSystems":false},"in2DMode":false,"pivot":{"x":-8.907852172851563,"y":1.3867261409759522,"z":-11.723430633544922},"rotation":{"x":-0.07796858251094818,"y":-0.7487262487411499,"z":0.0892866849899292,"w":-0.6523078083992004},"size":3.8927242755889894,"orthographic":false}