{"cameraMode":{"drawMode":0,"name":"Shaded","section":"Shading Mode"},"sceneLighting":true,"audioPlay":false,"sceneViewState":{"showFog":false,"showMaterialUpdate":false,"showSkybox":false,"showFlares":false,"showImageEffects":false,"showParticleSystems":false},"in2DMode":false,"pivot":{"x":0.6890743970870972,"y":-0.47750306129455569,"z":-1.6679496765136719},"rotation":{"x":0.003307332517579198,"y":0.9693657159805298,"z":-0.24525931477546693,"w":0.013072829693555832},"size":3.8927242755889894,"orthographic":false}